board_token,job_post_id,title,role_category,seniority,location_name,absolute_url,updated_at,language,description_preview,skills_found,skill_count,is_remote,is_hybrid,skill_python,skill_sql,skill_excel,skill_power_bi,skill_tableau,skill_pandas,skill_numpy,skill_spark,skill_aws,skill_azure,skill_gcp,skill_snowflake,skill_etl,skill_dashboarding,skill_statistics,skill_r
greenhouse,7535043,Senior Machine Learning Engineer,ML Engineer,Senior / Lead,Anywhere in the United States,https://job-boards.greenhouse.io/greenhouse/jobs/7535043?gh_jid=7535043,2026-02-11T13:31:28-05:00,en,"Our mission at Greenhouse is to make every company great at hiring – so we go to great lengths to hire great people because we believe that they’re the foundation of our success. At Greenhouse, you’ll join a team that collaborates purposefully, fosters inclusivity, and communicates with transparency","python, aws",2,1,0,1,0,0,0,0,0,0,0,1,0,0,0,0,0,0,0
greenhouse,7565603,Senior Machine Learning Engineer,ML Engineer,Senior / Lead,Ontario or British Columbia,https://job-boards.greenhouse.io/greenhouse/jobs/7565603?gh_jid=7565603,2026-02-11T13:31:26-05:00,en,"Our mission at Greenhouse is to make every company great at hiring – so we go to great lengths to hire great people because we believe that they’re the foundation of our success. At Greenhouse, you’ll join a team that collaborates purposefully, fosters inclusivity, and communicates with transparency","python, aws",2,1,0,1,0,0,0,0,0,0,0,1,0,0,0,0,0,0,0
doordashusa,7028089,Analytics Engineer,Data Engineer,Mid,"San Francisco, CA; Sunnyvale, CA;Seattle, WA",https://job-boards.greenhouse.io/doordashusa/jobs/7028089,2026-03-25T03:53:00-04:00,en,"About the Team The Analytics Engineering team at DoorDash is embedded within the Analytics and Data Engineering Orgs, and is responsible for building internal data products that scale decision-making across business teams and drive efficiency in our operations. Data is fundamental to DoorDash’s succ","python, sql, excel, tableau, spark, snowflake, etl, dashboarding, statistics",9,1,0,1,1,1,0,1,0,0,1,0,0,0,1,1,1,1,0
doordashusa,7450028,"Analytics Engineer, GTM Data Infrastructure",Data Engineer,Mid,"San Francisco, CA; New York, NY; Seattle, WA; Phoenix, AZ",https://job-boards.greenhouse.io/doordashusa/jobs/7450028,2026-03-25T03:59:45-04:00,en,"About the Team The Go To Market Technology (GTMT) organization enables the growth and productivity for DoorDash Go-To-Market teams with reliable data, intelligent workflows, and frictionless experiences that move at the speed of DoorDash. We build systems that streamline business processes to be nim","python, sql, excel, tableau, aws, etl, dashboarding, statistics",8,1,0,1,1,1,0,1,0,0,0,1,0,0,0,1,1,1,0
doordashusa,6103225,Data Scientist / Senior Data Scientist,Data Scientist,Senior / Lead,"San Francisco, CA; Seattle, WA; New York, NY; Los Angeles, CA; Chicago, IL; Austin, TX; Washington D.C.",https://job-boards.greenhouse.io/doordashusa/jobs/6103225,2026-03-25T03:39:44-04:00,en,"About the Team The Analytics team is looking for experienced Data Scientists and Senior Data Scientists to guide measurement, strategy, and tactical decision-making across the company across a variety of teams and levels. Data Scientists at DoorDash work to uncover insights and turn them into releva","python, sql, excel, tableau, etl, dashboarding, statistics",7,1,0,1,1,1,0,1,0,0,0,0,0,0,0,1,1,1,0
doordashusa,7380096,Lead Data Scientist,Data Scientist,Senior / Lead,"San Francisco, CA; Seattle, WA; New York, NY",https://job-boards.greenhouse.io/doordashusa/jobs/7380096,2026-03-25T04:24:04-04:00,en,"About the Team The Analytics team is looking for Data Scientists to guide measurement, strategy, and tactical decision-making using Advanced Analytics approaches, as we expand our platform across the globe. Data Scientists at DoorDash work to uncover insights and turn them into actionable recommenda","excel, etl, statistics",3,1,0,0,0,1,0,0,0,0,0,0,0,0,0,1,0,1,0
doordashusa,6333591,"Machine Learning Engineer, Computer Vision",ML Engineer,Mid,"San Francisco, CA; Sunnyvale, CA; Seattle, WA",https://job-boards.greenhouse.io/doordashusa/jobs/6333591,2026-03-25T03:43:24-04:00,en,"About the Team Come help us build the world's most reliable on-demand, logistics engine for last-mile grocery and retail delivery! We're looking for an experienced senior machine learning engineer to help us develop the cutting-edge Computer Vision models that power DoorDash's growing grocery and re","python, excel, spark, statistics",4,1,0,1,0,1,0,0,0,0,1,0,0,0,0,0,0,1,0
doordashusa,7580407,"Machine Learning Engineer, Marketplace Optimization",ML Engineer,Mid,"San Francisco, CA; Sunnyvale, CA",https://job-boards.greenhouse.io/doordashusa/jobs/7580407,2026-03-25T03:43:24-04:00,en,About the Team The mission of the Marketplace Optimization team is to ensure we maintain a healthy Ads Marketplace across all our verticals for both search (query context) and discovery experiences while fulfilling the requirements of all players in this marketplace. Marketplace Optimization is a cr,"python, excel, etl, statistics",4,1,0,1,0,1,0,0,0,0,0,0,0,0,0,1,0,1,0
doordashusa,6518016,Machine Learning Engineer - New Verticals - Search & Recommendations,ML Engineer,Mid,"Sunnyvale, CA; San Francisco, CA; Seattle, WA; New York, NY; Los Angeles, CA",https://job-boards.greenhouse.io/doordashusa/jobs/6518016,2026-03-25T03:43:24-04:00,en,"About the Team Come help us build the world's most reliable on-demand, logistics engine for last-mile retail delivery! We're looking for a talented machine learning engineer to help us develop the cutting edge search and information retrieval models that power DoorDash's growing retail and grocery b","python, excel, statistics",3,1,0,1,0,1,0,0,0,0,0,0,0,0,0,0,0,1,0
doordashusa,7657542,"Machine Learning Engineer, Reinforcement Learning",ML Engineer,Mid,"San Francisco, CA; Sunnyvale, CA; Seattle WA",https://job-boards.greenhouse.io/doordashusa/jobs/7657542,2026-03-25T03:43:24-04:00,en,About the Team Come help us build the world's most reliable local e-commerce platform for on-demand last-mile grocery and retail delivery! We're looking for an experienced senior machine learning engineer to help us develop the cutting-edge reinforcement learning models that power DoorDash's growing,"python, excel, statistics",3,1,0,1,0,1,0,0,0,0,0,0,0,0,0,0,0,1,0
doordashusa,6021795,"Senior Software Engineer, Data Engineering",Data Engineer,Senior / Lead,"San Francisco, CA; Sunnyvale, CA; Seattle, WA",https://job-boards.greenhouse.io/doordashusa/jobs/6021795,2026-03-25T03:38:58-04:00,en,"About the Team Data is at the foundation of DoorDash success. The Data Engineering team builds database solutions for various use cases including reporting, product analytics, marketing optimization and financial reporting. By implementing pipelines, data structures, and data warehouse architectures","python, sql, excel, tableau, spark, aws, gcp, snowflake, etl, dashboarding",10,0,1,1,1,1,0,1,0,0,1,1,0,1,1,1,1,0,0
doordashusa,6338077,"Senior Software Engineer, Machine Learning - Consumer ML",Other,Senior / Lead,"San Francisco, CA; Sunnyvale, CA; Seattle, WA",https://job-boards.greenhouse.io/doordashusa/jobs/6338077,2026-03-25T03:43:24-04:00,en,"About the Team Come help us build the world's most reliable on-demand, logistics engine for last-mile retail delivery! We're looking for an experienced machine learning engineer to help us develop modern growth and personalization models that power DoorDash's growing retail and grocery business. Abo","python, excel, statistics",3,1,1,1,0,1,0,0,0,0,0,0,0,0,0,0,0,1,0
doordashusa,6458514,"Software Engineer II, Data Engineering",Data Engineer,Mid,"San Francisco, CA; Sunnyvale, CA",https://job-boards.greenhouse.io/doordashusa/jobs/6458514,2026-03-25T03:38:58-04:00,en,"About the Team Data is at the foundation of DoorDash success. The Data Engineering team builds database solutions for various use cases including reporting, product analytics, marketing optimization and financial reporting. By implementing pipelines, data structures, and data warehouse architectures","python, sql, excel, tableau, spark, aws, gcp, snowflake, etl, dashboarding",10,0,0,1,1,1,0,1,0,0,1,1,0,1,1,1,1,0,0
doordashusa,7659437,"Software Engineer, Machine Learning Infrastructure",Other,Mid,"San Francisco, CA; Sunnyvale, CA; Seattle, WA",https://job-boards.greenhouse.io/doordashusa/jobs/7659437,2026-03-25T03:48:19-04:00,en,"About the Team The GenAI Platform team builds the centralized AI infrastructure that powers every Generative AI use case at DoorDash — Search, Recommendations, Fraud, Chatbots, Merchant tools, and more. We are part of the Machine Learning Platform (MLP) org, which powers critical real-time decision-","python, excel, aws, gcp",4,1,0,1,0,1,0,0,0,0,0,1,0,1,0,0,0,0,0
doordashusa,7488724,Staff Machine Learning Engineer - DashPass,ML Engineer,Senior / Lead,"San Francisco, CA; Sunnyvale, CA",https://job-boards.greenhouse.io/doordashusa/jobs/7488724,2026-03-25T03:43:24-04:00,en,"About the Team DashPass is DoorDash’s subscription loyalty program that delivers lower delivery fees and a host of additional benefits and value to a large subscriber base of both paid and sponsored subscriptions. DashPass subscribers enjoy lower delivery fees, faster ETAs, 3rd party partnerships, a","python, excel, statistics",3,1,0,1,0,1,0,0,0,0,0,0,0,0,0,0,0,1,0
doordashusa,7634941,"Staff Machine Learning Engineer, Money (Founding ML Lead)",ML Engineer,Senior / Lead,"San Francisco, CA; Los Angeles, CA",https://job-boards.greenhouse.io/doordashusa/jobs/7634941,2026-03-25T03:43:24-04:00,en,"About the Team The Money org at DoorDash builds the financial products and platforms that power our marketplace — from helping merchants grow their businesses with access to capital, to enabling banking products for Dashers, to optimizing consumer payments and checkout experiences. We are forming a ","python, excel, statistics",3,1,0,1,0,1,0,0,0,0,0,0,0,0,0,0,0,1,0
doordashusa,5575224,"Staff Software Engineer, Machine Learning - Personalization",Other,Senior / Lead,"San Francisco, CA; Sunnyvale, CA",https://job-boards.greenhouse.io/doordashusa/jobs/5575224,2026-03-25T03:43:24-04:00,en,"About the Team Come help us build the world's most reliable on-demand, logistics engine for last-mile retail delivery! We're looking for an experienced machine learning engineer to help us develop modern growth and personalization models that power DoorDash's growing retail and grocery business. Abo","python, excel, statistics",3,1,1,1,0,1,0,0,0,0,0,0,0,0,0,0,0,1,0
axon,7577003003,Principal Machine Learning Engineer,ML Engineer,Senior / Lead,"Seattle, Washington, United States",https://job-boards.greenhouse.io/axon/jobs/7577003003,2026-03-10T17:19:03-04:00,en,"Join Axon and be a Force for Good. At Axon, we’re on a mission to Protect Life. We’re explorers, pursuing society’s most critical safety and justice issues with our ecosystem of devices and cloud software. Like our products, we work better together. We connect with candor and care, seeking out diver",python,1,0,1,1,0,0,0,0,0,0,0,0,0,0,0,0,0,0,0
axon,7563078003,Senior Computer Vision and Machine Learning Research Scientist,Other,Senior / Lead,"Seattle, Washington, United States",https://job-boards.greenhouse.io/axon/jobs/7563078003,2026-03-19T17:16:24-04:00,en,"Join Axon and be a Force for Good. At Axon, we’re on a mission to Protect Life. We’re explorers, pursuing society’s most critical safety and justice issues with our ecosystem of devices and cloud software. Like our products, we work better together. We connect with candor and care, seeking out diver",python,1,0,1,1,0,0,0,0,0,0,0,0,0,0,0,0,0,0,0
axon,7589179003,Senior Machine Learning Engineer,ML Engineer,Senior / Lead,"San Francisco, California, United States",https://job-boards.greenhouse.io/axon/jobs/7589179003,2026-02-27T18:44:02-05:00,en,"Join Axon and be a Force for Good. At Axon, we’re on a mission to Protect Life. We’re explorers, pursuing society’s most critical safety and justice issues with our ecosystem of devices and cloud software. Like our products, we work better together. We connect with candor and care, seeking out diver",python,1,0,1,1,0,0,0,0,0,0,0,0,0,0,0,0,0,0,0
axon,7537801003,Senior Machine Learning Engineer,ML Engineer,Senior / Lead,"Sterling, Virginia, United States",https://job-boards.greenhouse.io/axon/jobs/7537801003,2026-02-27T18:44:02-05:00,en,"Join Axon and be a Force for Good. At Axon, we’re on a mission to Protect Life. We’re explorers, pursuing society’s most critical safety and justice issues with our ecosystem of devices and cloud software. Like our products, we work better together. We connect with candor and care, seeking out diver",,0,0,1,0,0,0,0,0,0,0,0,0,0,0,0,0,0,0,0
axon,7583232003,Senior Machine Learning Engineer,ML Engineer,Senior / Lead,"Seattle, Washington, United States",https://job-boards.greenhouse.io/axon/jobs/7583232003,2026-03-20T16:33:37-04:00,en,"Join Axon and be a Force for Good. At Axon, we’re on a mission to Protect Life. We’re explorers, pursuing society’s most critical safety and justice issues with our ecosystem of devices and cloud software. Like our products, we work better together. We connect with candor and care, seeking out diver",python,1,0,1,1,0,0,0,0,0,0,0,0,0,0,0,0,0,0,0
axon,7615561003,Senior Machine Learning Engineer II,ML Engineer,Senior / Lead,"Seattle, Washington, United States",https://job-boards.greenhouse.io/axon/jobs/7615561003,2026-02-27T18:44:02-05:00,en,"Join Axon and be a Force for Good. At Axon, we’re on a mission to Protect Life. We’re explorers, pursuing society’s most critical safety and justice issues with our ecosystem of devices and cloud software. Like our products, we work better together. We connect with candor and care, seeking out diver",python,1,0,1,1,0,0,0,0,0,0,0,0,0,0,0,0,0,0,0
axon,7624679003,Senior Machine Learning Scientist,Data Scientist,Senior / Lead,"Seattle, Washington, United States",https://job-boards.greenhouse.io/axon/jobs/7624679003,2026-02-27T18:44:02-05:00,en,"Join Axon and be a Force for Good. At Axon, we’re on a mission to Protect Life. We’re explorers, pursuing society’s most critical safety and justice issues with our ecosystem of devices and cloud software. Like our products, we work better together. We connect with candor and care, seeking out diver",python,1,0,1,1,0,0,0,0,0,0,0,0,0,0,0,0,0,0,0
axon,7624686003,Senior Machine Learning Scientist,Data Scientist,Senior / Lead,"Boston, Massachusetts, United States",https://job-boards.greenhouse.io/axon/jobs/7624686003,2026-02-27T18:44:02-05:00,en,"Join Axon and be a Force for Good. At Axon, we’re on a mission to Protect Life. We’re explorers, pursuing society’s most critical safety and justice issues with our ecosystem of devices and cloud software. Like our products, we work better together. We connect with candor and care, seeking out diver",python,1,0,1,1,0,0,0,0,0,0,0,0,0,0,0,0,0,0,0
axon,7624698003,Senior Machine Learning Scientist,Data Scientist,Senior / Lead,"Scottsdale, Arizona, United States",https://job-boards.greenhouse.io/axon/jobs/7624698003,2026-02-27T18:44:02-05:00,en,"Join Axon and be a Force for Good. At Axon, we’re on a mission to Protect Life. We’re explorers, pursuing society’s most critical safety and justice issues with our ecosystem of devices and cloud software. Like our products, we work better together. We connect with candor and care, seeking out diver",python,1,0,1,1,0,0,0,0,0,0,0,0,0,0,0,0,0,0,0
axon,7677568003,Sr Machine Learning Engineer I,ML Engineer,Mid,"Seattle, Washington, United States",https://job-boards.greenhouse.io/axon/jobs/7677568003,2026-03-24T17:52:59-04:00,en,"Join Axon and be a Force for Good. At Axon, we’re on a mission to Protect Life. We’re explorers, pursuing society’s most critical safety and justice issues with our ecosystem of devices and cloud software. Like our products, we work better together. We connect with candor and care, seeking out diver","python, statistics",2,0,1,1,0,0,0,0,0,0,0,0,0,0,0,0,0,1,0
capco,7571339,Analista de Business Intelligence / Remoto,BI / Analytics,Mid,Brazil - Rio de Janeiro,https://job-boards.greenhouse.io/capco/jobs/7571339,2026-01-28T14:59:18-05:00,pt,"REQUISITOS MANDATÓRIOS EXPERIÊNCIA Mínima de 6 anos, comprovada em Carteira de Trabalho (ou outro tipo de contrato de trabalho) com análise de dados. Domínio da língua vernácula e habilidade de redação técnica; Pacote Office Avançado (Word, Excel e Power Point); Sistema SAP e suas derivações (Ariba,","python, sql, excel, etl",4,0,0,1,1,1,0,0,0,0,0,0,0,0,0,1,0,0,0
capco,7435497,Applied AI Data Scientist,Data Scientist,Mid,US - Dallas,https://job-boards.greenhouse.io/capco/jobs/7435497,2026-02-03T08:32:44-05:00,en,"About the team: At the Capco Technology Delivery Center, we are dedicated to the financial services industries. Our professionals combine innovative thinking with unrivalled industry and domain expertise to offer our clients consulting expertise , complex technology and package integration, transfor","python, statistics",2,0,0,1,0,0,0,0,0,0,0,0,0,0,0,0,0,1,0
capco,7681744,AWS Data Engineer,Data Engineer,Mid,UK - Glasgow,https://job-boards.greenhouse.io/capco/jobs/7681744,2026-03-05T17:46:33-05:00,en,"AWS Data Engineer (Mid-Level) Location: Glasgow (Hybrid) | Practice Area: Technology & Engineering | Type: Permanent Empower the future of finance with transformative data solutions The Role As an AWS Data Engineer at Capco, you'll design and build scalable, secure, and well-tested data pipelines fo","python, sql, spark, aws, snowflake, etl",6,0,1,1,1,0,0,0,0,0,1,1,0,0,1,1,0,0,0
capco,7681746,AWS Data Engineer,Data Engineer,Mid,UK - Edinburgh,https://job-boards.greenhouse.io/capco/jobs/7681746,2026-03-05T17:43:09-05:00,en,"AWS Data Engineer (Mid-Level) Location: Edinburgh (Hybrid) | Practice Area: Technology & Engineering | Type: Permanent Empower the future of finance with transformative data solutions The Role As an AWS Data Engineer at Capco, you'll design and build scalable, secure, and well-tested data pipelines ","python, sql, spark, aws, snowflake, etl",6,0,1,1,1,0,0,0,0,0,1,1,0,0,1,1,0,0,0
capco,7588473,AWS Data Engineer (Mid-Level),Data Engineer,Mid,UK - London,https://job-boards.greenhouse.io/capco/jobs/7588473,2026-02-25T10:40:46-05:00,en,"AWS Data Engineer (Mid-Level) Location: London (Hybrid) | Practice Area: Technology & Engineering | Type: Permanent Empower the future of finance with transformative data solutions The Role As an AWS Data Engineer at Capco, you'll design and build scalable, secure, and well-tested data pipelines for","python, sql, spark, aws, snowflake, etl",6,0,1,1,1,0,0,0,0,0,1,1,0,0,1,1,0,0,0
capco,7677315,Azure Data Engineer - Inglês,Data Engineer,Mid,Brazil - Sao Paulo,https://job-boards.greenhouse.io/capco/jobs/7677315,2026-03-04T14:45:59-05:00,en,"A Capco é uma consultoria global de tecnologia e negócios, focada no setor de serviços financeiros e energia, somos apaixonados por ajudar nossos clientes, temos 40 escritórios nas Américas, Europa e Ásia-Pacífico! Se criatividade e inovação são sua paixão, a Capco é ideal para você. Vamos te apoiar","python, sql, azure, etl, dashboarding",5,0,0,1,1,0,0,0,0,0,0,0,1,0,0,1,1,0,0
capco,7597792,Business Analyst,Business Analyst,Mid,India - Bengaluru,https://job-boards.greenhouse.io/capco/jobs/7597792,2026-03-12T05:00:06-04:00,en,"About Us “Capco, a Wipro company, is a global technology and management consulting firm. Awarded with Consultancy of the year in the British Bank Award and has been ranked Top 100 Best Companies for Women in India 2022 by Avtar & Seramount . With our presence across 32 cities across globe, we suppor",sql,1,0,0,0,1,0,0,0,0,0,0,0,0,0,0,0,0,0,0
capco,7295516,Business Analyst,Business Analyst,Mid,US - Dallas,https://job-boards.greenhouse.io/capco/jobs/7295516,2026-02-09T07:49:08-05:00,en,"Business Analyst About the team: Capco is a global management and technology consultancy that specializes in advisory, implementation, and delivery of client-centered solutions across Financial Services, Energy, and Insurance industries. We support modern platform implementations, digital transforma",excel,1,0,0,0,0,1,0,0,0,0,0,0,0,0,0,0,0,0,0
capco,7667896,Business Analyst (Banking),Business Analyst,Mid,Thailand - Bangkok,https://job-boards.greenhouse.io/capco/jobs/7667896,2026-03-02T02:21:32-05:00,en,"Capco, a Wipro company, is a global technology and management consultancy specializing in driving digital transformation in the financial services industry. With a growing client portfolio comprising of over 100 global organizations, Capco operates at the intersection of business and technology by c",,0,0,1,0,0,0,0,0,0,0,0,0,0,0,0,0,0,0,0
capco,7653230,Business Analyst Banking & Payments,Business Analyst,Mid,Belgium - Brussels,https://job-boards.greenhouse.io/capco/jobs/7653230,2026-02-25T04:16:42-05:00,en,"Capco – Shape the Future of Finance With Us At Capco, we are not just consultants – we are pioneers and partners in transforming the global financial services industry . We embrace uniqueness and foster a collaborative culture where innovation, intellect, and ambition thrive . Whether it's navigatin",,0,1,1,0,0,0,0,0,0,0,0,0,0,0,0,0,0,0,0
capco,7653212,Business Analyst - Card Issuing (She/He/They),Business Analyst,Mid,Poland,https://job-boards.greenhouse.io/capco/jobs/7653212,2026-02-25T03:51:28-05:00,en,"CAPCO POLAND Capco Poland is a global technology and management consultancy specializing in driving digital transformation across the financial services industry. We are passionate about helping our clients succeed in an ever-changing industry. We also are: Experts in banking and payments, capital m",,0,0,1,0,0,0,0,0,0,0,0,0,0,0,0,0,0,0,0
capco,7601800,Business Analyst – Cash Management & Intraday Liquidity,Business Analyst,Mid,India,https://job-boards.greenhouse.io/capco/jobs/7601800,2026-02-12T00:50:21-05:00,en,"Job Title: Business Analyst – Cash Management & Intraday Liquidity About Us “Capco, a Wipro company, is a global technology and management consulting firm. Awarded with Consultancy of the year in the British Bank Award and has been ranked Top 100 Best Companies for Women in India 2022 by Avtar & Ser","sql, excel, dashboarding",3,0,0,0,1,1,0,0,0,0,0,0,0,0,0,0,1,0,0
capco,7560479,Business Analyst Consultant,Business Analyst,Mid,Belgium - Brussels,https://job-boards.greenhouse.io/capco/jobs/7560479,2026-01-26T10:51:31-05:00,en,"The Role Capco is looking for a confirmed Business Analyst to join our Business Consulting practice. This role offers the opportunity to deliver real change for clients across Capital Markets, Retail Banking, Payments, Insurance, and Wealth & Asset Management. You will bring strong business analysis",,0,1,1,0,0,0,0,0,0,0,0,0,0,0,0,0,0,0,0
capco,7525665,Business Analyst Consultant - Target Operating Model (TOM),Business Analyst,Mid,UK - London,https://job-boards.greenhouse.io/capco/jobs/7525665,2026-01-09T05:51:13-05:00,en,Senior Business Analyst – Target Operating Model (TOM) Location: London (Hybrid) | Practice Area: Business Consulting | Type: Permanent Design future-ready operating models that enable sustainable change across financial services The Role Capco is looking for a Senior Business Analyst with a strong ,,0,0,1,0,0,0,0,0,0,0,0,0,0,0,0,0,0,0,0
capco,7725970,Business Analyst - Data (Banking Domain),Business Analyst,Mid,India - Bengaluru; India - Chennai ; India - Gurugram; India - Hyderabad; India - Mumbai; India - Pune,https://job-boards.greenhouse.io/capco/jobs/7725970,2026-03-23T05:34:26-04:00,en,"Job Title: Business Analyst - Data (Banking Domain): About Us “Capco, a Wipro company, is a global technology and management consulting firm. Awarded with Consultancy of the year in the British Bank Award and has been ranked Top 100 Best Companies for Women in India 2022 by Avtar & Seramount . With ",gcp,1,0,0,0,0,0,0,0,0,0,0,0,0,1,0,0,0,0,0
capco,7507582,Business Analyst - Energy,Business Analyst,Mid,Belgium - Brussels,https://job-boards.greenhouse.io/capco/jobs/7507582,2026-01-27T10:54:15-05:00,en,"CAPCO – THE FUTURE. NOW. Capco is a distinctly and positively different place to work. Much more than consultants, we are active participants in the global financial services industry. Our passionate business and technology professionals enjoy a unique environment where they are actively encouraged ",,0,1,1,0,0,0,0,0,0,0,0,0,0,0,0,0,0,0,0
capco,5697864,Business Analyst - Financial Services,Business Analyst,Mid,Italy - Milan,https://job-boards.greenhouse.io/capco/jobs/5697864,2026-03-20T09:48:47-04:00,en,"Joining Capco means joining an organisation that is committed to an inclusive working environment where you’re encouraged to #BeYourselfAtWork. We celebrate individuality and recognize that diversity and inclusion, in all forms, is critical to success. It’s important to us that we recruit and develo",,0,1,1,0,0,0,0,0,0,0,0,0,0,0,0,0,0,0,0
capco,7061704,Business Analyst |  Foco em Dados - Remote - English Advanced,Business Analyst,Mid,Brazil - Sao Paulo,https://job-boards.greenhouse.io/capco/jobs/7061704,2025-12-12T14:19:48-05:00,pt,"SOBRE A CAPCO A Capco é uma consultoria global de tecnologia e gestão especializada na transformação digital, oferecendo soluções inovadoras e orientadas por dados para um portfólio crescente de mais de 100 clientes globais, entre eles bancos, pagamentos, mercados de capitais, gestão de patrimônio e","python, sql, power_bi, tableau, spark, aws, azure, gcp, snowflake, dashboarding",10,1,0,1,1,0,1,1,0,0,1,1,1,1,1,0,1,0,0
capco,6528708,Business Analyst - Insurance,Business Analyst,Mid,Italy - Milan,https://job-boards.greenhouse.io/capco/jobs/6528708,2026-03-06T06:14:04-05:00,en,"Joining Capco means joining an organization that is committed to an inclusive working environment where you’re encouraged to #BeYourselfAtWork. We celebrate individuality and recognize that diversity and inclusion, in all forms, is critical to success. It’s important to us that we recruit and develo",,0,0,1,0,0,0,0,0,0,0,0,0,0,0,0,0,0,0,0
capco,7570364,Business Analyst (Insurance),Business Analyst,Mid,Thailand - Bangkok,https://job-boards.greenhouse.io/capco/jobs/7570364,2026-01-28T03:23:12-05:00,en,"Capco, a Wipro company, is a global technology and management consultancy specializing in driving digital transformation in the financial services industry. With a growing client portfolio comprising of over 100 global organizations, Capco operates at the intersection of business and technology by c",,0,0,1,0,0,0,0,0,0,0,0,0,0,0,0,0,0,0,0
capco,7544448,Business Analyst - OpenLink - Houston,Business Analyst,Mid,US - Houston,https://job-boards.greenhouse.io/capco/jobs/7544448,2026-01-28T00:21:59-05:00,en,"About the team: Capco is a fully independent, global management and technology consultancy. For nearly 20 years we have combined innovative thinking with deep industry knowledge to deliver business consulting, digital transformation and technology services to Finance and Energy markets. Our collabor",,0,0,0,0,0,0,0,0,0,0,0,0,0,0,0,0,0,0,0
capco,7278632,Business Analyst - Payments and Digital Journeys,Business Analyst,Mid,India,https://job-boards.greenhouse.io/capco/jobs/7278632,2026-03-23T05:27:55-04:00,en,"Job Title: Business Analyst - Payments and Digital Journeys About Us “Capco, a Wipro company, is a global technology and management consulting firm. Awarded with Consultancy of the year in the British Bank Award and has been ranked Top 100 Best Companies for Women in India 2022 by Avtar & Seramount ",,0,0,0,0,0,0,0,0,0,0,0,0,0,0,0,0,0,0,0
capco,5236287,Business Analyst - Payments (She/He/They),Business Analyst,Mid,Poland,https://job-boards.greenhouse.io/capco/jobs/5236287,2025-12-17T03:43:20-05:00,en,"CAPCO POLAND Capco Poland is a global technology and management consultancy specializing in driving digital transformation across the financial services industry. We are passionate about helping our clients succeed in an ever-changing industry. We also are: Experts in banking and payments, capital m",,0,0,1,0,0,0,0,0,0,0,0,0,0,0,0,0,0,0,0
capco,7217669,Business Analyst - Product Control/Financial Accounting (She/He/They),Business Analyst,Mid,Poland,https://job-boards.greenhouse.io/capco/jobs/7217669,2026-02-23T11:04:39-05:00,en,"CAPCO POLAND Capco Poland is a global technology and management consultancy specializing in driving digital transformation across the financial services industry. We are passionate about helping our clients succeed in an ever-changing industry. We also are: Experts in banking and payments, capital m",dashboarding,1,0,1,0,0,0,0,0,0,0,0,0,0,0,0,0,1,0,0
capco,7215592,Business Analyst - Product Control/ FX products (She/He/They),Business Analyst,Mid,Poland,https://job-boards.greenhouse.io/capco/jobs/7215592,2026-02-23T11:01:01-05:00,en,"CAPCO POLAND Capco Poland is a global technology and management consultancy specializing in driving digital transformation across the financial services industry. We are passionate about helping our clients succeed in an ever-changing industry. We also are: Experts in banking and payments, capital m",sql,1,0,1,0,1,0,0,0,0,0,0,0,0,0,0,0,0,0,0
capco,7594438,Business Analyst - Product Control/ Regulatory Reporting (She/He/They),Business Analyst,Mid,Poland,https://job-boards.greenhouse.io/capco/jobs/7594438,2026-02-23T11:02:56-05:00,en,"CAPCO POLAND Capco Poland is a global technology and management consultancy specializing in driving digital transformation across the financial services industry. We are passionate about helping our clients succeed in an ever-changing industry. We also are: Experts in banking and payments, capital m",dashboarding,1,0,1,0,0,0,0,0,0,0,0,0,0,0,0,0,1,0,0
capco,7650118,Business Analyst - Retail Energy,Business Analyst,Mid,US - Dallas,https://job-boards.greenhouse.io/capco/jobs/7650118,2026-02-24T11:21:02-05:00,en,"Business Analyst - Retail Energy - Dallas About the team: Capco is a fully independent, global management and technology consultancy. For nearly 20 years we have combined innovative thinking with deep industry knowledge to deliver business consulting, digital transformation and technology services t",,0,0,0,0,0,0,0,0,0,0,0,0,0,0,0,0,0,0,0
capco,7407471,Business Analyst - Retail Energy,Business Analyst,Mid,US - Houston,https://job-boards.greenhouse.io/capco/jobs/7407471,2025-12-12T14:19:48-05:00,en,"About the team: Capco is a fully independent, global management and technology consultancy. For nearly 20 years we have combined innovative thinking with deep industry knowledge to deliver business consulting, digital transformation and technology services to Finance and Energy markets. Our collabor",,0,0,0,0,0,0,0,0,0,0,0,0,0,0,0,0,0,0,0
capco,7398372,Business Analyst - Retail Energy,Business Analyst,Mid,US - New York,https://job-boards.greenhouse.io/capco/jobs/7398372,2026-01-21T16:28:14-05:00,en,"Business Analyst - Retail Energy - New York About the team: Capco is a fully independent, global management and technology consultancy. For nearly 20 years we have combined innovative thinking with deep industry knowledge to deliver business consulting, digital transformation and technology services",,0,0,0,0,0,0,0,0,0,0,0,0,0,0,0,0,0,0,0
capco,7657139,Business Analyst - Securities Processing,Business Analyst,Mid,Belgium - Brussels,https://job-boards.greenhouse.io/capco/jobs/7657139,2026-03-02T09:20:32-05:00,en,"The Role Capco is looking for a confirmed Business Analyst to join our Investment. This role offers the opportunity to deliver real change for clients across Capital Markets and Wealth & Asset Management. You will bring strong business analysis skills, combined with domain expertise, to help solve c",,0,1,1,0,0,0,0,0,0,0,0,0,0,0,0,0,0,0,0
capco,7433436,Business Analyst - Securities Services,Business Analyst,Mid,Malaysia - Kuala Lumpur,https://job-boards.greenhouse.io/capco/jobs/7433436,2025-12-12T14:19:48-05:00,en,"Company Overview Capco is an entrepreneurial consulting business with expertise in transformation, technology, and strategy. We specialize in banking and payment; capital markets; wealth & investment management; finance, risk & compliance; and technology, serving our clients from offices in leading ",excel,1,0,0,0,0,1,0,0,0,0,0,0,0,0,0,0,0,0,0
capco,7518370,Business Analyst | Securities Services/Capital Markets,Business Analyst,Mid,China - Hong Kong,https://job-boards.greenhouse.io/capco/jobs/7518370,2026-01-06T23:43:56-05:00,en,ABOUT CAPCO Capco is a global technology and management consultancy specializing in driving digital transformation in the financial services and insurance industries. Capco is committed to providing clients with practical solutions. We offer a globally integrated service with offices in leading fina,,0,0,0,0,0,0,0,0,0,0,0,0,0,0,0,0,0,0,0
capco,6368594,Business Analyst/Senior Business Analyst (Banking),Business Analyst,Senior / Lead,Malaysia - Kuala Lumpur,https://job-boards.greenhouse.io/capco/jobs/6368594,2025-12-12T14:19:48-05:00,en,"Company Overview Capco is an entrepreneurial consulting business with expertise in transformation, technology, and strategy. We specialize in banking and payment; capital markets; wealth & investment management; finance, risk & compliance; and technology, serving our clients from offices in leading ",,0,0,0,0,0,0,0,0,0,0,0,0,0,0,0,0,0,0,0
capco,7747847,Business Analyst | Tokenization,Business Analyst,Mid,China - Hong Kong,https://job-boards.greenhouse.io/capco/jobs/7747847,2026-03-24T23:41:44-04:00,en,ABOUT US Capco is a global technology and management consultancy specializing in driving digital transformation in the financial services and insurance industries. Capco is committed to providing clients with practical solutions. We offer a globally integrated service with offices in leading financi,dashboarding,1,0,1,0,0,0,0,0,0,0,0,0,0,0,0,0,1,0,0
capco,7256508,Business Analyst - Valuation Controller (She/He/They),Business Analyst,Mid,Poland,https://job-boards.greenhouse.io/capco/jobs/7256508,2026-02-23T11:16:24-05:00,en,"CAPCO POLAND Capco Poland is a global technology and management consultancy specializing in driving digital transformation across the financial services industry. We are passionate about helping our clients succeed in an ever-changing industry. We also are: Experts in banking and payments, capital m","sql, excel",2,0,0,0,1,1,0,0,0,0,0,0,0,0,0,0,0,0,0
capco,7657886,Business Analyst – Wealth & Asset Management,Business Analyst,Mid,UK - London,https://job-boards.greenhouse.io/capco/jobs/7657886,2026-03-05T05:01:27-05:00,en,Business Analyst – Wealth & Asset Management Location: London | Practice Area : Wealth & Asset Management | Type: Permanent Enable wealth platform and operations transformation through structured analysis and technology-enabled change. The Role We are seeking a Business Analyst with strong Wealth & ,,0,0,0,0,0,0,0,0,0,0,0,0,0,0,0,0,0,0,0
capco,6796278,Business Analyst - Wealth & Asset Management (London),Business Analyst,Mid,UK - London,https://job-boards.greenhouse.io/capco/jobs/6796278,2026-03-23T05:48:42-04:00,en,Business Analyst Location: London (Hybrid) | Practice Area: Wealth & Asset Management | Type: Permanent **Please only apply if you have Wealth & Asset management experience as a Business Analyst** Drive meaningful change across financial services by translating complex business needs into impactful ,,0,0,1,0,0,0,0,0,0,0,0,0,0,0,0,0,0,0,0
capco,7026042,Capital Markets Post Trade Securities - Business Analyst / Project Manager,Business Analyst,Manager+,UK - London,https://job-boards.greenhouse.io/capco/jobs/7026042,2025-12-12T14:19:48-05:00,en,"Post-Trade Securities Consultant – Business Analyst / Project Manager Location: London (Hybrid) | Practice Area : Capital Markets | Type: Permanent Be the driving force behind faster, smarter settlements The Role Capco is seeking experienced Business Analysts and Project Managers to join our Capital",,0,0,1,0,0,0,0,0,0,0,0,0,0,0,0,0,0,0,0
capco,7077530,Consultant Business Analyst / Paiements - H/F,Business Analyst,Mid,France - Paris,https://job-boards.greenhouse.io/capco/jobs/7077530,2025-12-12T14:19:48-05:00,fr,"Notre offre Capco est un cabinet de conseil global dédié aux services financiers. Forts d’une stratégie de croissance dynamique, nous renforçons notre équipe Paiement pour accompagner nos clients dans leurs grands projets de transformation Votre rôle En tant que Consultant ou Senior Consultant Paiem",dashboarding,1,0,0,0,0,0,0,0,0,0,0,0,0,0,0,0,1,0,0
capco,7522164,Consultant | Data Analyst,Data Analyst,Mid,China - Hong Kong,https://job-boards.greenhouse.io/capco/jobs/7522164,2026-01-08T03:28:34-05:00,en,ABOUT US Capco is a global technology and management consultancy specializing in driving digital transformation in the financial services and insurance industries. Capco is committed to providing clients with practical solutions. We offer a globally integrated service with offices in leading financi,"python, sql, excel, power_bi, tableau, dashboarding",6,0,0,1,1,1,1,1,0,0,0,0,0,0,0,0,1,0,0
capco,7698920,Data & AI Warsaw Tech Summit 2026: Machine Learning Engineer – From Models to Production,ML Engineer,Mid,Poland,https://job-boards.greenhouse.io/capco/jobs/7698920,2026-03-19T13:39:55-04:00,en,"Capco at Data & AI Warsaw Tech Summit 2026 About Capco Poland At Capco Poland , we’re not just another consultancy - we’re the spark behind digital transformation in the financial world. As a global technology and management consultancy focused on financial services , we partner with leading banks, ","python, pandas, spark, aws, azure, gcp, statistics",7,0,0,1,0,0,0,0,1,0,1,1,1,1,0,0,0,1,0
capco,7618524,Data Analyst,Data Analyst,Mid,India - Pune,https://job-boards.greenhouse.io/capco/jobs/7618524,2026-02-18T05:29:07-05:00,en,"Job Title: Data Analyst About Us “Capco, a Wipro company, is a global technology and management consulting firm. Awarded with Consultancy of the year in the British Bank Award and has been ranked Top 100 Best Companies for Women in India 2022 by Avtar & Seramount . With our presence across 32 cities","sql, gcp",2,0,0,0,1,0,0,0,0,0,0,0,0,1,0,0,0,0,0
capco,7549000,Data Engineer/Consultant (Databricks),Data Engineer,Mid,Switzerland - Zurich,https://job-boards.greenhouse.io/capco/jobs/7549000,2026-01-20T09:06:53-05:00,en,"Joining Capco means joining an organization that is committed to an inclusive working environment where you’re encouraged to #BeYourselfAtWork. We celebrate individuality and recognize that diversity and inclusion, in all forms, is critical to success. It’s important to us that we recruit and develo","python, sql, spark, aws, azure, gcp, etl",7,0,0,1,1,0,0,0,0,0,1,1,1,1,0,1,0,0,0
capco,7576688,Data Engineer - Fabric Solution  | Inglês,Data Engineer,Mid,Brazil - Sao Paulo,https://job-boards.greenhouse.io/capco/jobs/7576688,2026-01-30T09:30:13-05:00,en,"A Capco é uma consultoria global de tecnologia e negócios, focada no setor de serviços financeiros e energia, somos apaixonados por ajudar nossos clientes, temos 40 escritórios nas Américas, Europa e Ásia-Pacífico! Se criatividade e inovação são sua paixão, a Capco é ideal para você. Vamos te apoiar","sql, power_bi, spark",3,0,0,0,1,0,1,0,0,0,1,0,0,0,0,0,0,0,0
capco,6299632,Data Engineer for Banking,Data Engineer,Mid,Czech Republic - Brno,https://job-boards.greenhouse.io/capco/jobs/6299632,2025-12-12T14:19:48-05:00,en,"Shape the Future of Financial Services with Capco At Capco, we specialize in management consulting and software development, partnering with leading international banks and insurance companies across Western Europe. Our innovative approach and collaborative culture make us the ideal place for profes","python, sql, aws, azure, gcp",5,0,0,1,1,0,0,0,0,0,0,1,1,1,0,0,0,0,0
capco,5576791,Data Engineer for Banking,Data Engineer,Mid,Slovakia - Bratislava,https://job-boards.greenhouse.io/capco/jobs/5576791,2025-12-12T14:19:48-05:00,en,"Shape the Future of Financial Services with Capco At Capco, we specialize in management consulting and software development, partnering with leading international banks and insurance companies across Western Europe. Our innovative approach and collaborative culture make us the ideal place for profes","python, sql, aws, azure, gcp",5,0,0,1,1,0,0,0,0,0,0,1,1,1,0,0,0,0,0
capco,5576793,Data Engineer for Banking,Data Engineer,Mid,Czech Republic - Prague,https://job-boards.greenhouse.io/capco/jobs/5576793,2025-12-12T14:19:48-05:00,en,"Shape the Future of Financial Services with Capco At Capco, we specialize in management consulting and software development, partnering with leading international banks and insurance companies across Western Europe. Our innovative approach and collaborative culture make us the ideal place for profes","python, sql, aws, azure, gcp",5,0,0,1,1,0,0,0,0,0,0,1,1,1,0,0,0,0,0
capco,5576792,Data Engineer for Banking,Data Engineer,Mid,Slovakia - Kosice,https://job-boards.greenhouse.io/capco/jobs/5576792,2025-12-12T14:19:48-05:00,en,"Shape the Future of Financial Services with Capco At Capco, we specialize in management consulting and software development, partnering with leading international banks and insurance companies across Western Europe. Our innovative approach and collaborative culture make us the ideal place for profes","python, sql, aws, azure, gcp",5,0,0,1,1,0,0,0,0,0,0,1,1,1,0,0,0,0,0
capco,7168449,Data Engineering- GCP & Python,Data Engineer,Mid,India - Bengaluru; India - Pune,https://job-boards.greenhouse.io/capco/jobs/7168449,2026-02-02T08:58:28-05:00,en,"Job Title: Data Engineer About Us “Capco, a Wipro company, is a global technology and management consulting firm. Awarded with Consultancy of the year in the British Bank Award and has been ranked Top 100 Best Companies for Women in India 2022 by Avtar & Seramount . With our presence across 32 citie","python, spark, gcp",3,0,0,1,0,0,0,0,0,0,1,0,0,1,0,0,0,0,0
capco,7422807,"Data Engineering -(GCP, Python, Power BI)",Data Engineer,Mid,India - Bengaluru; India - Pune,https://job-boards.greenhouse.io/capco/jobs/7422807,2026-03-17T07:40:41-04:00,en,"Job Title: Data Engineering - Power BI, Python, GCP About Us “Capco, a Wipro company, is a global technology and management consulting firm. Awarded with Consultancy of the year in the British Bank Award and has been ranked Top 100 Best Companies for Women in India 2022 by Avtar & Seramount . With o","python, sql, power_bi, tableau, gcp, etl, dashboarding",7,0,0,1,1,0,1,1,0,0,0,0,0,1,0,1,1,0,0
capco,7436197,Data Engineer - Scala,Data Engineer,Mid,India - Bengaluru,https://job-boards.greenhouse.io/capco/jobs/7436197,2026-02-19T12:41:47-05:00,en,"Job Title: Senior Data Engineer - Scala Job Description: The Senior Data Engineer will be responsible for designing, developing, and maintaining scalable data pipelines and building out new API integrations to support continuing increases in data volume and complexity. They will collaborate with ana","python, sql, spark, etl",4,0,0,1,1,0,0,0,0,0,1,0,0,0,0,1,0,0,0
capco,7744408,Data Engineer - Scala,Data Engineer,Mid,India - Bengaluru,https://job-boards.greenhouse.io/capco/jobs/7744408,2026-03-24T06:46:49-04:00,en,"Job Title: Full Stack Developer (Scala, Kafka, NiFi) Experience: 4–6 Years Location: Pune (Hybrid – Client Office) Job Overview We are seeking a skilled Full Stack Developer with strong experience in Scala, Kafka, JSON payload handling, and Apache NiFi pipeline development. The ideal candidate will ","sql, aws, azure, gcp, etl",5,0,1,0,1,0,0,0,0,0,0,1,1,1,0,1,0,0,0
capco,7310122,Data Engineer - Snowflake,Data Engineer,Mid,Switzerland - Zurich,https://job-boards.greenhouse.io/capco/jobs/7310122,2026-02-26T11:15:49-05:00,en,"Joining Capco means joining an organisation that is committed to an inclusive working environment where you’re encouraged to #BeYourselfAtWork. We celebrate individuality and recognize that diversity and inclusion, in all forms, is critical to success. It’s important to us that we recruit and develo","python, sql, snowflake, etl",4,0,0,1,1,0,0,0,0,0,0,0,0,0,1,1,0,0,0
capco,7533330,Data Experts (Data Analysts + Data Modelers),Data Analyst,Mid,India - Bengaluru; India - Hyderabad; India - Pune,https://job-boards.greenhouse.io/capco/jobs/7533330,2026-01-28T00:51:29-05:00,en,"Job Title: Data Experts (Data Analysts & Data modelers) About Us “Capco, a Wipro company, is a global technology and management consulting firm. Awarded with Consultancy of the year in the British Bank Award and has been ranked Top 100 Best Companies for Women in India 2022 by Avtar & Seramount . Wi","sql, gcp",2,0,0,0,1,0,0,0,0,0,0,0,0,1,0,0,0,0,0
capco,7567592,Energy Consultant - Business Analyst,Business Analyst,Mid,Belgium - Brussels,https://job-boards.greenhouse.io/capco/jobs/7567592,2026-01-27T11:05:27-05:00,en,"CAPCO – THE FUTURE. NOW. Capco is a distinctly and positively different place to work. Much more than consultants, we are active participants in the global financial services industry. Our passionate business and technology professionals enjoy a unique environment where they are actively encouraged ",,0,1,1,0,0,0,0,0,0,0,0,0,0,0,0,0,0,0,0
capco,7610059,Engenheiro(a) Sênior de Data & Analytics (Microsoft Fabric & Power BI) — Marketing Analytics | Inglês,Other,Mid,Brazil - Sao Paulo,https://job-boards.greenhouse.io/capco/jobs/7610059,2026-02-12T08:13:56-05:00,en,"A Capco é uma consultoria global de tecnologia e negócios, focada no setor de serviços financeiros e energia, somos apaixonados por ajudar nossos clientes, temos 40 escritórios nas Américas, Europa e Ásia-Pacífico! Se criatividade e inovação são sua paixão, a Capco é ideal para você. Vamos te apoiar","sql, power_bi, spark, azure",4,0,0,0,1,0,1,0,0,0,1,0,1,0,0,0,0,0,0
capco,7545187,ETRM Business Analyst - Power Trading,Business Analyst,Mid,US - Houston,https://job-boards.greenhouse.io/capco/jobs/7545187,2026-03-11T18:29:38-04:00,en,"About the team: Capco is a global management and technology consultancy that specializes in advisory, implementation, and delivery of client-centered solutions across Financial Services, Energy, and Insurance industries. We support modern platform implementations, digital transformations, end-to-end","sql, dashboarding",2,0,0,0,1,0,0,0,0,0,0,0,0,0,0,0,1,0,0
capco,7546958,GCP Data Engineer,Data Engineer,Mid,India - Pune,https://job-boards.greenhouse.io/capco/jobs/7546958,2026-01-19T05:49:29-05:00,en,"About Us “Capco, a Wipro company, is a global technology and management consulting firm. Awarded with Consultancy of the year in the British Bank Award and has been ranked Top 100 Best Companies for Women in India 2022 by Avtar & Seramount. With our presence across 32 cities across globe, we support","python, sql, gcp, etl",4,0,0,1,1,0,0,0,0,0,0,0,0,1,0,1,0,0,0
capco,7546989,Intelligent Automation Business Analyst,Business Analyst,Mid,UK - London,https://job-boards.greenhouse.io/capco/jobs/7546989,2026-03-05T03:06:46-05:00,en,Intelligent Automation Business Analyst Location: London (Hybrid) | Practice Area : Technology & Engineering | Type: Permanent Analyse processes. Enable automation. Drive digital change. The Role Capco is seeking an Intelligent Automation Business Analyst with deep RPA expertise to help financial se,python,1,0,1,1,0,0,0,0,0,0,0,0,0,0,0,0,0,0,0
capco,7681773,IT Business Analyst - Collibra (She/He/They),Business Analyst,Mid,Poland,https://job-boards.greenhouse.io/capco/jobs/7681773,2026-03-23T06:17:59-04:00,en,"CAPCO POLAND Capco Poland is a global technology and management consultancy specializing in driving digital transformation across the financial services industry. We are passionate about helping our clients succeed in an ever-changing industry. We also are: Experts in banking and payments, capital m","python, sql",2,0,1,1,1,0,0,0,0,0,0,0,0,0,0,0,0,0,0
capco,7738872,Junior Business Analyst with French (She/ He/ They),Business Analyst,Junior / Entry,Poland,https://job-boards.greenhouse.io/capco/jobs/7738872,2026-03-23T11:42:02-04:00,en,"CAPCO POLAND *We are looking for Poland based candidate. At Capco Poland, we’re not just another consultancy - we’re the spark behind digital transformation in the financial world. As a global leader in technology and management consulting, we thrive on helping clients tackle the toughest challenges","excel, spark, dashboarding",3,0,0,0,0,1,0,0,0,0,1,0,0,0,0,0,1,0,0
capco,7582838,Mid Data Analyst (She/He/They),Data Analyst,Mid,Poland,https://job-boards.greenhouse.io/capco/jobs/7582838,2026-02-16T05:42:24-05:00,en,"CAPCO POLAND At Capco Poland, we’re not just another consultancy - we’re the spark behind digital transformation in the financial world. As a global leader in technology and management consulting, we thrive on helping clients tackle the toughest challenges across banking, payments, capital markets, ","python, sql, pandas, numpy, spark, etl",6,0,0,1,1,0,0,0,1,1,1,0,0,0,0,1,0,0,0
capco,7649214,Payment with Pega Business Analyst,Business Analyst,Mid,India,https://job-boards.greenhouse.io/capco/jobs/7649214,2026-03-24T01:10:22-04:00,en,"Job Title: BA-Payments with PEGA About Us “Capco, a Wipro company, is a global technology and management consulting firm. Awarded with Consultancy of the year in the British Bank Award and has been ranked Top 100 Best Companies for Women in India 2022 by Avtar & Seramount . With our presence across ",,0,0,0,0,0,0,0,0,0,0,0,0,0,0,0,0,0,0,0
capco,7741942,Power BI Developer,BI / Analytics,Mid,India,https://job-boards.greenhouse.io/capco/jobs/7741942,2026-03-23T04:28:41-04:00,en,"Job Title: Power BI Developer About Us “Capco, a Wipro company, is a global technology and management consulting firm. Awarded with Consultancy of the year in the British Bank Award and has been ranked Top 100 Best Companies for Women in India 2022 by Avtar & Seramount . With our presence across 32 ","sql, power_bi, dashboarding",3,0,0,0,1,0,1,0,0,0,0,0,0,0,0,0,1,0,0
capco,7681747,Principal AWS Data Engineer,Data Engineer,Senior / Lead,UK - Glasgow,https://job-boards.greenhouse.io/capco/jobs/7681747,2026-03-05T17:46:49-05:00,en,Principal Data Engineer - AWS Location: Glasgow (Hybrid) | Practice Area : Technology & Engineering | Type: Permanent Engineer future-ready data platforms that power financial transformation. The Role We’re looking for a Principal Data Engineer with AWS to join our growing team of engineering expert,"python, spark, aws, etl",4,0,1,1,0,0,0,0,0,0,1,1,0,0,0,1,0,0,0
capco,7681748,Principal AWS Data Engineer,Data Engineer,Senior / Lead,UK - Edinburgh,https://job-boards.greenhouse.io/capco/jobs/7681748,2026-03-05T17:50:50-05:00,en,Principal Data Engineer - AWS Location: Edinburgh (Hybrid) | Practice Area : Technology & Engineering | Type: Permanent Engineer future-ready data platforms that power financial transformation. The Role We’re looking for a Principal Data Engineer with AWS to join our growing team of engineering expe,"python, spark, aws, etl",4,0,1,1,0,0,0,0,0,0,1,1,0,0,0,1,0,0,0
capco,7588659,Principal Azure Data Engineer (Databricks),Data Engineer,Senior / Lead,UK - London,https://job-boards.greenhouse.io/capco/jobs/7588659,2026-03-05T03:52:20-05:00,en,"Principal Azure Data Engineer (Databricks) Location: London (Hybrid) | Practice Area: Technology & Engineering | Type: Permanent Lead the architecture of data platforms driving the future of financial services The Role As a Principal Azure Data Engineer (Databricks) at Capco, you'll architect and le","python, spark, azure, etl",4,0,1,1,0,0,0,0,0,0,1,0,1,0,0,1,0,0,0
capco,7588474,Principal Data Engineer - AWS,Data Engineer,Senior / Lead,UK - London,https://job-boards.greenhouse.io/capco/jobs/7588474,2026-02-04T10:16:57-05:00,en,Principal Data Engineer - AWS Location: London (Hybrid) | Practice Area : Technology & Engineering | Type: Permanent Engineer future-ready data platforms that power financial transformation. The Role We’re looking for a Principal Data Engineer with AWS to join our growing team of engineering experts,"python, spark, aws, etl",4,0,1,1,0,0,0,0,0,0,1,1,0,0,0,1,0,0,0
capco,7588673,Principal Data Engineer - GCP,Data Engineer,Senior / Lead,UK - London,https://job-boards.greenhouse.io/capco/jobs/7588673,2026-03-05T03:54:17-05:00,en,Principal Data Engineer - GCP Location: London (Hybrid) | Practice Area: Technology & Engineering | Type: Permanent Shape the future of financial services through cloud-first data innovation The Role We’re looking for a Principal GCP Data Engineer to join our growing Technology & Engineering team in,"python, sql, power_bi, tableau, spark, gcp, etl, dashboarding",8,0,1,1,1,0,1,1,0,0,1,0,0,1,0,1,1,0,0
capco,7730578,Product Manager – Technical (Business Analyst)- Vadodara,Business Analyst,Manager+,India,https://job-boards.greenhouse.io/capco/jobs/7730578,2026-03-18T07:28:08-04:00,en,"About Us “Capco, a Wipro company, is a global technology and management consulting firm. Awarded with Consultancy of the year in the British Bank Award and has been ranked Top 100 Best Companies for Women in India 2022 by Avtar & Seramount . With our presence across 32 cities across globe, we suppor","sql, dashboarding",2,0,1,0,1,0,0,0,0,0,0,0,0,0,0,0,1,0,0
capco,7588658,Senior Azure Data Engineer (Databricks),Data Engineer,Senior / Lead,UK - London,https://job-boards.greenhouse.io/capco/jobs/7588658,2026-03-05T03:52:34-05:00,en,"Senior Azure Data Engineer (Databricks) Location: London (Hybrid) | Practice Area: Technology & Engineering | Type: Permanent Engineer advanced data solutions at scale in a world-class consulting environment The Role As a Senior Azure Data Engineer (Databricks) at Capco, you will play a hands-on rol","python, sql, spark, azure, etl",5,0,1,1,1,0,0,0,0,0,1,0,1,0,0,1,0,0,0
capco,7525661,Senior Business Analyst Consultant - Capital Markets,Business Analyst,Senior / Lead,UK - London,https://job-boards.greenhouse.io/capco/jobs/7525661,2026-01-09T05:33:09-05:00,en,Senior Business Analyst – Capital Markets Location: London (Hybrid) | Practice Area: Business Consulting | Type: Permanent Bridge capital markets expertise with structured change to deliver measurable impact The Role Capco is seeking a Senior Business Analyst to join our Business Consulting practice,dashboarding,1,0,1,0,0,0,0,0,0,0,0,0,0,0,0,0,1,0,0
capco,7660344,Senior Business Analyst | Corporate Banking,Business Analyst,Senior / Lead,China - Hong Kong,https://job-boards.greenhouse.io/capco/jobs/7660344,2026-02-26T23:17:54-05:00,en,ABOUT CAPCO Capco is a global technology and management consultancy specializing in driving digital transformation in the financial services and insurance industries. Capco is committed to providing clients with practical solutions. We offer a globally integrated service with offices in leading fina,,0,0,0,0,0,0,0,0,0,0,0,0,0,0,0,0,0,0,0
capco,7657887,Senior Business Analyst - Guidewire (Insurance),Business Analyst,Senior / Lead,UK - London,https://job-boards.greenhouse.io/capco/jobs/7657887,2026-02-26T11:55:38-05:00,en,Senior Business Analyst – Guidewire (Insurance) Location: London (Hybrid) | Practice Area : Insurance | Type: Permanent Drive end-to-end Guidewire transformation and help shape the future of digital insurance platforms. The Role Capco is seeking a Senior Business Analyst with strong Guidewire expert,,0,0,1,0,0,0,0,0,0,0,0,0,0,0,0,0,0,0,0
capco,7553920,Senior Business Analyst - Insurance,Business Analyst,Senior / Lead,UK - London,https://job-boards.greenhouse.io/capco/jobs/7553920,2026-03-23T08:43:56-04:00,en,Senior Business Analyst – Insurance Location: London (Hybrid) | Practice Area: Business Consulting | Type: Permanent Shape the future of insurance through data-driven transformation and regulatory insight The Role Capco is seeking a Senior Business Analyst to join our Business Consulting practice wi,,0,0,1,0,0,0,0,0,0,0,0,0,0,0,0,0,0,0,0
capco,7648976,Senior Business Analyst | TOM Delivery (CIB),Business Analyst,Senior / Lead,China - Hong Kong,https://job-boards.greenhouse.io/capco/jobs/7648976,2026-02-24T05:05:57-05:00,en,ABOUT US Capco is a global technology and management consultancy specializing in driving digital transformation in the financial services and insurance industries. Capco is committed to providing clients with practical solutions. We offer a globally integrated service with offices in leading financi,,0,0,0,0,0,0,0,0,0,0,0,0,0,0,0,0,0,0,0
capco,7721930,Senior Business Intelligence - Com Inglês,BI / Analytics,Senior / Lead,Brazil - Sao Paulo,https://job-boards.greenhouse.io/capco/jobs/7721930,2026-03-16T13:35:10-04:00,en,"A Capco é uma consultoria global de tecnologia e negócios, focada no setor de serviços financeiros e energia, somos apaixonados por ajudar nossos clientes, temos 40 escritórios nas Américas, Europa e Ásia-Pacífico! Se criatividade e inovação são sua paixão, a Capco é ideal para você. Vamos te apoiar","sql, power_bi",2,0,0,0,1,0,1,0,0,0,0,0,0,0,0,0,0,0,0
capco,7532921,Senior Consultant | Data Analyst,Data Analyst,Senior / Lead,China - Hong Kong,https://job-boards.greenhouse.io/capco/jobs/7532921,2026-01-13T05:11:46-05:00,en,ABOUT US Capco is a global technology and management consultancy specializing in driving digital transformation in the financial services and insurance industries. Capco is committed to providing clients with practical solutions. We offer a globally integrated service with offices in leading financi,"python, sql, excel, power_bi, tableau, dashboarding",6,0,0,1,1,1,1,1,0,0,0,0,0,0,0,0,1,0,0
capco,7101713,Senior Data Analyst,Data Analyst,Senior / Lead,India,https://job-boards.greenhouse.io/capco/jobs/7101713,2025-12-12T14:19:48-05:00,en,"Job Title: Data Analyst (Python +Pyspark) About Us “Capco, a Wipro company, is a global technology and management consulting firm. Awarded with Consultancy of the year in the British Bank Award and has been ranked Top 100 Best Companies for Women in India 2022 by Avtar & Seramount . With our presenc","python, sql, spark",3,0,1,1,1,0,0,0,0,0,1,0,0,0,0,0,0,0,0
capco,7738364,Senior Data Engineer,Data Engineer,Senior / Lead,India - Bengaluru,https://job-boards.greenhouse.io/capco/jobs/7738364,2026-03-24T01:10:58-04:00,en,"Senior Data Engineer Location: Bengaluru/Chennai Experience: 8+ Years About Us “Capco, a Wipro company, is a global technology and management consulting firm. Awarded with Consultancy of the year in the British Bank Award and has been ranked Top 100 Best Companies for Women in India 2022 by Avtar & ","sql, aws, azure, gcp, snowflake, etl, dashboarding",7,0,0,0,1,0,0,0,0,0,0,1,1,1,1,1,1,0,0
capco,7461931,Senior Data Engineer,Data Engineer,Senior / Lead,India - Pune,https://job-boards.greenhouse.io/capco/jobs/7461931,2026-02-18T13:07:26-05:00,en,"About Us “Capco, a Wipro company, is a global technology and management consulting firm. Awarded with Consultancy of the year in the British Bank Award and has been ranked Top 100 Best Companies for Women in India 2022 by Avtar & Seramount. With our presence across 32 cities across globe, we support","python, sql, spark, etl",4,0,0,1,1,0,0,0,0,0,1,0,0,0,0,1,0,0,0
capco,7588472,Senior Data Engineer - AWS,Data Engineer,Senior / Lead,UK - London,https://job-boards.greenhouse.io/capco/jobs/7588472,2026-03-03T10:59:57-05:00,en,Senior Data Engineer - AWS Location: London (Hybrid) | Practice Area : Technology & Engineering | Type: Permanent Engineer future-ready data platforms that power financial transformation. The Role We’re looking for a Senior Data Engineer with AWS to join our growing team of engineering experts drivi,"python, spark, aws, etl",4,0,1,1,0,0,0,0,0,0,1,1,0,0,0,1,0,0,0
capco,7675088,Senior Data Engineer - AWS,Data Engineer,Senior / Lead,UK - Glasgow,https://job-boards.greenhouse.io/capco/jobs/7675088,2026-03-04T16:07:15-05:00,en,Senior Data Engineer - AWS Location: Glasgow (Hybrid) | Practice Area : Technology & Engineering | Type: Permanent Engineer future-ready data platforms that power financial transformation. The Role We’re looking for a Senior Data Engineer with AWS to join our growing team of engineering experts driv,"python, spark, aws, etl",4,0,1,1,0,0,0,0,0,0,1,1,0,0,0,1,0,0,0
capco,7675144,Senior Data Engineer - AWS,Data Engineer,Senior / Lead,UK - Edinburgh,https://job-boards.greenhouse.io/capco/jobs/7675144,2026-03-05T17:44:03-05:00,en,Senior Data Engineer - AWS Location :Edinburgh (Hybrid) | Practice Area : Technology & Engineering | Type: Permanent Engineer future-ready data platforms that power financial transformation. The Role We’re looking for a Senior Data Engineer with AWS to join our growing team of engineering experts dr,"python, spark, aws, etl",4,0,1,1,0,0,0,0,0,0,1,1,0,0,0,1,0,0,0
capco,7588671,Senior Data Engineer - GCP,Data Engineer,Senior / Lead,UK - London,https://job-boards.greenhouse.io/capco/jobs/7588671,2026-03-05T03:54:29-05:00,en,Senior Data Engineer - GCP Location: London (Hybrid) | Practice Area: Technology & Engineering | Type: Permanent Shape the future of financial services through cloud-first data innovation The Role We’re looking for a GCP Senior Data Engineer to join our growing Technology & Engineering team in Londo,"python, sql, power_bi, tableau, spark, gcp, etl, dashboarding",8,0,1,1,1,0,1,1,0,0,1,0,0,1,0,1,1,0,0
capco,7549466,Senior Data Scientist,Data Scientist,Senior / Lead,UK - London,https://job-boards.greenhouse.io/capco/jobs/7549466,2026-03-05T03:06:15-05:00,en,Senior Data Scientist Location: London (Hybrid) | Practice Area : Data & Analytics | Type: Permanent Shape intelligent solutions. Lead with insight. Drive data innovation. The Role We are looking for a Senior Data Scientist to join Capco’s growing UK Data Practice. You will play a leading role in de,"python, spark, aws, azure, gcp",5,0,1,1,0,0,0,0,0,0,1,1,1,1,0,0,0,0,0
capco,7709782,Senior IT Business Analyst – Cards (She/ He/ They),Business Analyst,Senior / Lead,Poland,https://job-boards.greenhouse.io/capco/jobs/7709782,2026-03-12T07:42:10-04:00,en,"CAPCO POLAND *We are looking for Poland based candidate. At Capco Poland, we’re not just another consultancy - we’re the spark behind digital transformation in the financial world. As a global leader in technology and management consulting, we thrive on helping clients tackle the toughest challenges",spark,1,0,0,0,0,0,0,0,0,0,1,0,0,0,0,0,0,0,0
capco,7736939,Success Factors HR Business Analyst - 6 Month FTC,Business Analyst,Mid,UK - London,https://job-boards.greenhouse.io/capco/jobs/7736939,2026-03-19T18:00:48-04:00,en,HR Project Analyst (FTC – until 30th September) Location: London (Hybrid) | Practice Area : Corporate Services | Department : HR | Type: Fixed-Term Contract Support the transformation of Capco’s global HR systems and help shape the future of our people processes. The Role We are seeking an HR Projec,,0,0,1,0,0,0,0,0,0,0,0,0,0,0,0,0,0,0,0
capco,7698229,Technical Business Analyst,Business Analyst,Mid,India - Bengaluru,https://job-boards.greenhouse.io/capco/jobs/7698229,2026-03-19T13:40:47-04:00,en,"About Us “Capco, a Wipro company, is a global technology and management consulting firm. Awarded with Consultancy of the year in the British Bank Award and has been ranked Top 100 Best Companies for Women in India 2022 by Avtar & Seramount . With our presence across 32 cities across globe, we suppor","sql, excel, gcp",3,0,0,0,1,1,0,0,0,0,0,0,0,1,0,0,0,0,0
capco,7513649,Technical Business Analyst,Business Analyst,Mid,US - Dallas,https://job-boards.greenhouse.io/capco/jobs/7513649,2026-01-15T09:23:37-05:00,en,"About the team: Capco is a fully independent, global management and technology consultancy. For nearly 20 years we have combined innovative thinking with deep industry knowledge to deliver business consulting, digital transformation and technology services to Finance and Energy markets. Our collabor","sql, dashboarding",2,0,0,0,1,0,0,0,0,0,0,0,0,0,0,0,1,0,0
capco,7642364,Trade and Transaction Reporting Business Analyst / Project Manager,Business Analyst,Manager+,UK - Edinburgh,https://job-boards.greenhouse.io/capco/jobs/7642364,2026-02-20T12:49:13-05:00,en,"Trade & Transaction Reporting Consultant – Business Analyst / Project Manager Location: London (Hybrid) | Practice Area : FRRF – Financial Crime, Risk, Regulation & Finance Transformation | Type: Permanent Drive regulatory clarity and control across global reporting regimes The Role Capco is seeking",dashboarding,1,0,1,0,0,0,0,0,0,0,0,0,0,0,0,0,1,0,0
capco,7534076,Trade and Transaction Reporting Business Analyst / Project Manager,Business Analyst,Manager+,UK - London,https://job-boards.greenhouse.io/capco/jobs/7534076,2026-01-13T08:28:14-05:00,en,"Trade & Transaction Reporting Consultant – Business Analyst / Project Manager Location: London (Hybrid) | Practice Area : FRRF – Financial Crime, Risk, Regulation & Finance Transformation | Type: Permanent Drive regulatory clarity and control across global reporting regimes The Role Capco is seeking",dashboarding,1,0,1,0,0,0,0,0,0,0,0,0,0,0,0,0,1,0,0
oddball,7677731003,Applied AI/ML Engineer,ML Engineer,Mid,Washington DC area,https://job-boards.greenhouse.io/oddball/jobs/7677731003,2026-03-24T14:43:53-04:00,en,Oddball believes that the best products are built when companies understand and value the things they are working on. We value learning and growth and the ability to make a big impact at a small company. We believe that we can make big changes happen and improve the daily lives of millions of people,"python, sql, pandas, spark, etl",5,1,1,1,1,0,0,0,1,0,1,0,0,0,0,1,0,0,0
oddball,7672832003,Business Analyst,Business Analyst,Mid,Remote,https://job-boards.greenhouse.io/oddball/jobs/7672832003,2026-03-19T18:32:28-04:00,en,Oddball believes that the best products are built when companies understand and value the things they are working on. We value learning and growth and the ability to make a big impact at a small company. We believe that we can make big changes happen and improve the daily lives of millions of people,,0,1,0,0,0,0,0,0,0,0,0,0,0,0,0,0,0,0,0
tatari,8443710002,"Data Science BI, Intern",Other,Intern / Trainee,"Los Angeles, California, United States",https://job-boards.greenhouse.io/tatari/jobs/8443710002,2026-02-28T10:10:43-05:00,en,"Tatari is on a mission to revolutionize TV advertising. Founded in 2016 to help transform the antiquated world of TV advertising through the intelligent application of AI and machine learning, Tatari helps some of the world’s fastest growing brands including Chime, Calm, Tecovas, Manscaped, Saatva, ","sql, tableau, dashboarding, statistics",4,0,1,0,1,0,0,1,0,0,0,0,0,0,0,0,1,1,0
tatari,8443709002,"Data Science BI, Intern",Other,Intern / Trainee,"New York, New York, United States",https://job-boards.greenhouse.io/tatari/jobs/8443709002,2026-02-28T10:10:42-05:00,en,"Tatari is on a mission to revolutionize TV advertising. Founded in 2016 to help transform the antiquated world of TV advertising through the intelligent application of AI and machine learning, Tatari helps some of the world’s fastest growing brands including Chime, Calm, Tecovas, Manscaped, Saatva, ","sql, tableau, dashboarding, statistics",4,0,1,0,1,0,0,1,0,0,0,0,0,0,0,0,1,1,0
tatari,8443708002,"Data Science BI, Intern",Other,Intern / Trainee,"San Francisco, California, United States",https://job-boards.greenhouse.io/tatari/jobs/8443708002,2026-02-28T10:10:41-05:00,en,"Tatari is on a mission to revolutionize TV advertising. Founded in 2016 to help transform the antiquated world of TV advertising through the intelligent application of AI and machine learning, Tatari helps some of the world’s fastest growing brands including Chime, Calm, Tecovas, Manscaped, Saatva, ","sql, tableau, dashboarding, statistics",4,0,1,0,1,0,0,1,0,0,0,0,0,0,0,0,1,1,0
builder,5755085004,Senior Analytics Engineer,Data Engineer,Senior / Lead,Remote - North America,https://job-boards.greenhouse.io/builder/jobs/5755085004,2026-01-09T17:18:52-05:00,en,"About the Role We are looking for a builder who speaks the language of business. We need a Senior Analytics Engineer to own the data architecture and modeling that powers our Finance, RevOps, and Executive decision-making. In this role, you will sit at the intersection of Data Engineering and Busine","python, sql, gcp, etl, dashboarding",5,1,1,1,1,0,0,0,0,0,0,0,0,1,0,1,1,0,0
growtherapy,4641722005,Senior Data Scientist - Growth / Care,Data Scientist,Senior / Lead,"New York City, San Francisco, or Seattle preferred; remote candidates welcome",https://job-boards.greenhouse.io/growtherapy/jobs/4641722005,2026-03-10T18:15:28-04:00,en,"About Us: Grow Therapy is on a mission to serve as the trusted partner for therapists growing their practice, and patients accessing high-quality care. Powered by technology, we are a three-sided marketplace that empowers providers, augments insurance payors, and serves patients. Following the mass ","python, sql, dashboarding",3,1,1,1,1,0,0,0,0,0,0,0,0,0,0,0,1,0,0
growtherapy,4641723005,Staff Data Scientist - Growth / Care,Data Scientist,Senior / Lead,"New York City, San Francisco, or Seattle preferred; remote candidates welcome",https://job-boards.greenhouse.io/growtherapy/jobs/4641723005,2026-03-10T18:15:28-04:00,en,"About Us: Grow Therapy is on a mission to serve as the trusted partner for therapists growing their practice, and patients accessing high-quality care. Powered by technology, we are a three-sided marketplace that empowers providers, augments insurance payors, and serves patients. Following the mass ","python, sql, dashboarding",3,1,1,1,1,0,0,0,0,0,0,0,0,0,0,0,1,0,0
impact,8390643002,Associate Analytics Engineer,Data Engineer,Mid,Cape Town,https://job-boards.greenhouse.io/impact/jobs/8390643002,2026-03-09T05:42:57-04:00,en,"Our Company: At impact.com we are passionate about our people, our technology, and are obsessed with customer success. Working together enables us to grow rapidly, win, and serve the largest brands in the world. We use cutting edge technology to solve real-world problems for our clients and continue","python, sql, gcp",3,0,1,1,1,0,0,0,0,0,0,0,0,1,0,0,0,0,0
impact,8014936002,Data Analyst (GTM Data Governance),Data Analyst,Mid,"New York City, NY; Columbus, OH",https://job-boards.greenhouse.io/impact/jobs/8014936002,2026-03-18T13:57:09-04:00,en,"About impact.com impact.com is the world’s leading commerce partnership marketing platform, transforming the way businesses grow by enabling them to discover, manage, and scale partnerships across the entire customer journey. From affiliates and influencers to content publishers, brand ambassadors, ","sql, power_bi, tableau, dashboarding, statistics",5,0,1,0,1,0,1,1,0,0,0,0,0,0,0,0,1,1,0
impact,8380911002,"Principal Data Scientist, Fraud Modelling",Data Scientist,Senior / Lead,Cape Town,https://job-boards.greenhouse.io/impact/jobs/8380911002,2026-02-25T04:53:03-05:00,en,"About impact.com impact.com is the world’s leading commerce partnership marketing platform, transforming the way businesses grow by enabling them to discover, manage, and scale partnerships across the entire customer journey. From affiliates and influencers to content publishers, brand ambassadors, ","python, sql, spark, gcp, etl, dashboarding, statistics",7,0,1,1,1,0,0,0,0,0,1,0,0,1,0,1,1,1,0
impact,8380907002,"Senior Data Scientist, Product Data",Data Scientist,Senior / Lead,Cape Town,https://job-boards.greenhouse.io/impact/jobs/8380907002,2026-02-13T04:26:25-05:00,en,"About impact.com impact.com is the world’s leading commerce partnership marketing platform, transforming the way businesses grow by enabling them to discover, manage, and scale partnerships across the entire customer journey. From affiliates and influencers to content publishers, brand ambassadors, ","python, sql, pandas, spark, gcp, etl, dashboarding, statistics",8,0,1,1,1,0,0,0,1,0,1,0,0,1,0,1,1,1,0
tebra,4665570005,Senior Business Analyst,Business Analyst,Senior / Lead,United States - Remote,https://job-boards.greenhouse.io/tebra/jobs/4665570005,2026-03-25T19:03:33-04:00,en,"Tebra only initiates contact with candidates via email from an official Tebra email address (@ tebra.com , @ patientpop.com , or @ kareo.com ) or through our applicant tracking system, Greenhouse. We will only ask you to provide sensitive personal information through our official application portal ","sql, tableau, snowflake, dashboarding",4,1,0,0,1,0,0,1,0,0,0,0,0,0,1,0,1,0,0
tebra,4673727005,Senior Business Analyst,Business Analyst,Senior / Lead,"Heredia, Heredia, Costa Rica",https://job-boards.greenhouse.io/tebra/jobs/4673727005,2026-03-25T19:03:33-04:00,en,"Tebra only initiates contact with candidates via email from an official Tebra email address (@ tebra.com , @ patientpop.com , or @ kareo.com ) or through our applicant tracking system, Greenhouse. We will only ask you to provide sensitive personal information through our official application portal ","sql, tableau, snowflake, dashboarding",4,1,1,0,1,0,0,1,0,0,0,0,0,0,1,0,1,0,0
tebra,4646664005,Senior Business Intelligence Engineer,BI / Analytics,Senior / Lead,United States - Remote,https://job-boards.greenhouse.io/tebra/jobs/4646664005,2026-03-25T19:03:33-04:00,en,"Tebra only initiates contact with candidates via email from an official Tebra email address (@ tebra.com , @ patientpop.com , or @ kareo.com ) or through our applicant tracking system, Greenhouse. We will only ask you to provide sensitive personal information through our official application portal ","sql, power_bi, tableau, snowflake, etl, dashboarding, statistics",7,1,0,0,1,0,1,1,0,0,0,0,0,0,1,1,1,1,0
tebra,4648368005,Senior Data Engineer,Data Engineer,Senior / Lead,United States - Remote,https://job-boards.greenhouse.io/tebra/jobs/4648368005,2026-03-25T19:03:33-04:00,en,"Tebra only initiates contact with candidates via email from an official Tebra email address (@ tebra.com , @ patientpop.com , or @ kareo.com ) or through our applicant tracking system, Greenhouse. We will only ask you to provide sensitive personal information through our official application portal ","python, sql, spark, snowflake, etl, dashboarding",6,1,0,1,1,0,0,0,0,0,1,0,0,0,1,1,1,0,0
tebra,4649944005,Senior Machine Learning Engineer,ML Engineer,Senior / Lead,United States - Remote,https://job-boards.greenhouse.io/tebra/jobs/4649944005,2026-03-25T19:03:33-04:00,en,"Tebra only initiates contact with candidates via email from an official Tebra email address (@ tebra.com , @ patientpop.com , or @ kareo.com ) or through our applicant tracking system, Greenhouse. We will only ask you to provide sensitive personal information through our official application portal ","python, spark, aws, azure, gcp, etl, dashboarding",7,1,0,1,0,0,0,0,0,0,1,1,1,1,0,1,1,0,0
tebra,4637693005,Staff Machine Learning Engineer,ML Engineer,Senior / Lead,United States - Remote,https://job-boards.greenhouse.io/tebra/jobs/4637693005,2026-03-25T19:03:33-04:00,en,"Tebra only initiates contact with candidates via email from an official Tebra email address (@ tebra.com , @ patientpop.com , or @ kareo.com ) or through our applicant tracking system, Greenhouse. We will only ask you to provide sensitive personal information through our official application portal ","python, spark, aws, azure, gcp, dashboarding",6,1,0,1,0,0,0,0,0,0,1,1,1,1,0,0,1,0,0
2k,7661962003,Senior Data Scientist,Data Scientist,Senior / Lead,"Seattle, Washington, United States",https://job-boards.greenhouse.io/2k/jobs/7661962003,2026-03-19T17:52:45-04:00,en,"Who We Are 2K is headquartered in Novato, California and is a wholly owned label of Take-Two Interactive Software, Inc. (NASDAQ: TTWO). Founded in 2005, 2K Games is a global video game company, publishing titles developed by some of the most influential game development studios in the world. Our stu","python, sql, tableau, dashboarding, statistics",5,0,1,1,1,0,0,1,0,0,0,0,0,0,0,0,1,1,0
2k,7655917003,Senior Data Scientist,Data Scientist,Senior / Lead,"Novato, California, United States",https://job-boards.greenhouse.io/2k/jobs/7655917003,2026-03-19T17:52:45-04:00,en,"Who We Are 2K is headquartered in Novato, California and is a wholly owned label of Take-Two Interactive Software, Inc. (NASDAQ: TTWO). Founded in 2005, 2K Games is a global video game company, publishing titles developed by some of the most influential game development studios in the world. Our stu","python, sql, tableau, dashboarding, statistics",5,0,1,1,1,0,0,1,0,0,0,0,0,0,0,0,1,1,0
